アフィリエイトID,アカウントID,コンテンツID,説明文,アフィリエイトURL,画像使用
AFF_001,ACC001,CONTENT_001,ここに載せてるから好きに見ていいよ❤,https://b-short.link/ZzDGuk,
AFF_002,ACC001,CONTENT_002,こっちにもおいで❤,https://b-short.link/ZzDGuk,
AFF_003,ACC001,CONTENT_003,ここに載せれないエ●すぎる動画は❤,https://b-short.link/ZzDGuk,
AFF_004,ACC001,CONTENT_004,ここで見せれないのはこっちに❤,https://b-short.link/ZzDGuk,
AFF_005,ACC001,CONTENT_005,過激すぎて...,https://b-short.link/ZzDGuk,
AFF_006,ACC001,CONTENT_006,過激すぎるかも...,https://b-short.link/ZzDGuk,
AFF_007,ACC001,CONTENT_007,こんな私でもいい人は...,https://b-short.link/ZzDGuk,
AFF_008,ACC001,CONTENT_008,こっちも見てね♡,https://b-short.link/ZzDGuk,
AFF_009,ACC001,CONTENT_009,こっちも見てね♡,https://b-short.link/ZzDGuk,
AFF_010,ACC001,CONTENT_010,私も子供ほしいなー♡,https://b-short.link/ZzDGuk,
AFF_011,ACC001,CONTENT_011,こっちも見てね♡,https://b-short.link/ZzDGuk,
AFF_012,ACC001,CONTENT_012,私違う意味で声大きいかも(*ﾉωﾉ),https://b-short.link/ZzDGuk,
AFF_013,ACC001,CONTENT_013,一緒にオンラインしたい人はこっちに来てね♡,https://b-short.link/ZzDGuk,
AFF_014,ACC001,CONTENT_014,こっちも見てね♡,https://b-short.link/ZzDGuk,
AFF_015,ACC001,CONTENT_015,"運転上手い人が私は好き♡
ドライブ連れて行ってくれる人はここに♥",https://b-short.link/ZzDGuk,
AFF_016,ACC001,CONTENT_016,答えこっちに載せてるよ♡,https://b-short.link/ZzDGuk,
AFF_017,ACC001,CONTENT_017,答えこっちに載せてるよ♡,https://b-short.link/ZzDGuk,
AFF_018,ACC001,CONTENT_018,"このお金で誰か買い物いこ！
ここから連絡してね♡",https://b-short.link/ZzDGuk,
AFF_019,ACC001,CONTENT_019,次は一緒に買い物いきたいな♥,https://b-short.link/ZzDGuk,
AFF_020,ACC001,CONTENT_020,誰か一緒にご飯作ろう？♡,https://b-short.link/ZzDGuk,
AFF_021,ACC001,CONTENT_021,こっちも見てね♡,https://b-short.link/ZzDGuk,
AFF_022,ACC001,CONTENT_022,セ●●スはやっぱりすれてないよね♡,https://b-short.link/ZzDGuk,
AFF_023,ACC001,CONTENT_023,"AFしたい人はこっち来てね(*ﾉωﾉ)
最近してないからきつきつかも...",https://b-short.link/ZzDGuk,
AFF_024,ACC001,CONTENT_024,こっちも見てね♡,https://b-short.link/ZzDGuk,
AFF_025,ACC001,CONTENT_025,こっちも見てね♡,https://b-short.link/ZzDGuk,
AFF_001,ACCOUNT_002,CONTENT_001,ここに載せてるから好きに見ていいよ❤,https://b-short.link/ZzDGuk,
AFF_002,ACCOUNT_002,CONTENT_002,こっちにもおいで❤,https://b-short.link/ZzDGuk,
AFF_003,ACCOUNT_002,CONTENT_003,ここに載せれないエ●すぎる動画は❤,https://b-short.link/ZzDGuk,
AFF_004,ACCOUNT_002,CONTENT_004,ここで見せれないのはこっちに❤,https://b-short.link/ZzDGuk,
AFF_005,ACCOUNT_002,CONTENT_005,過激すぎて...,https://b-short.link/ZzDGuk,
AFF_006,ACCOUNT_002,CONTENT_006,過激すぎるかも...,https://b-short.link/ZzDGuk,
AFF_007,ACCOUNT_002,CONTENT_007,こんな私でもいい人は...,https://b-short.link/ZzDGuk,
AFF_008,ACCOUNT_002,CONTENT_008,こっちも見てね♡,https://b-short.link/ZzDGuk,
AFF_009,ACCOUNT_002,CONTENT_009,こっちも見てね♡,https://b-short.link/ZzDGuk,
AFF_010,ACCOUNT_002,CONTENT_010,私も子供ほしいなー♡,https://b-short.link/ZzDGuk,
AFF_011,ACCOUNT_002,CONTENT_011,こっちも見てね♡,https://b-short.link/ZzDGuk,
AFF_012,ACCOUNT_002,CONTENT_012,私違う意味で声大きいかも(*ﾉωﾉ),https://b-short.link/ZzDGuk,
AFF_013,ACCOUNT_002,CONTENT_013,一緒にオンラインしたい人はこっちに来てね♡,https://b-short.link/ZzDGuk,
AFF_014,ACCOUNT_002,CONTENT_014,こっちも見てね♡,https://b-short.link/ZzDGuk,
AFF_015,ACCOUNT_002,CONTENT_015,"運転上手い人が私は好き♡
ドライブ連れて行ってくれる人はここに♥",https://b-short.link/ZzDGuk,
AFF_016,ACCOUNT_002,CONTENT_016,答えこっちに載せてるよ♡,https://b-short.link/ZzDGuk,
AFF_017,ACCOUNT_002,CONTENT_017,答えこっちに載せてるよ♡,https://b-short.link/ZzDGuk,
AFF_018,ACCOUNT_002,CONTENT_018,"このお金で誰か買い物いこ！
ここから連絡してね♡",https://b-short.link/ZzDGuk,
AFF_019,ACCOUNT_002,CONTENT_019,次は一緒に買い物いきたいな♥,https://b-short.link/ZzDGuk,
AFF_020,ACCOUNT_002,CONTENT_020,誰か一緒にご飯作ろう？♡,https://b-short.link/ZzDGuk,
AFF_021,ACCOUNT_002,CONTENT_021,こっちも見てね♡,https://b-short.link/ZzDGuk,
AFF_022,ACCOUNT_002,CONTENT_022,セ●●スはやっぱりすれてないよね♡,https://b-short.link/ZzDGuk,
AFF_023,ACCOUNT_002,CONTENT_023,"AFしたい人はこっち来てね(*ﾉωﾉ)
最近してないからきつきつかも...",https://b-short.link/ZzDGuk,
AFF_024,ACCOUNT_002,CONTENT_024,こっちも見てね♡,https://b-short.link/ZzDGuk,
AFF_025,ACCOUNT_002,CONTENT_025,こっちも見てね♡,https://b-short.link/ZzDGuk,
AFF_001,ACCOUNT_003,CONTENT_001,ここに載せてるから好きに見ていいよ❤,https://b-short.link/ZzDGuk,
AFF_002,ACCOUNT_003,CONTENT_002,こっちにもおいで❤,https://b-short.link/ZzDGuk,
AFF_003,ACCOUNT_003,CONTENT_003,ここに載せれないエ●すぎる動画は❤,https://b-short.link/ZzDGuk,
AFF_004,ACCOUNT_003,CONTENT_004,ここで見せれないのはこっちに❤,https://b-short.link/ZzDGuk,
AFF_005,ACCOUNT_003,CONTENT_005,過激すぎて...,https://b-short.link/ZzDGuk,
AFF_006,ACCOUNT_003,CONTENT_006,過激すぎるかも...,https://b-short.link/ZzDGuk,
AFF_007,ACCOUNT_003,CONTENT_007,こんな私でもいい人は...,https://b-short.link/ZzDGuk,
AFF_008,ACCOUNT_003,CONTENT_008,こっちも見てね♡,https://b-short.link/ZzDGuk,
AFF_009,ACCOUNT_003,CONTENT_009,こっちも見てね♡,https://b-short.link/ZzDGuk,
AFF_010,ACCOUNT_003,CONTENT_010,私も子供ほしいなー♡,https://b-short.link/ZzDGuk,
AFF_011,ACCOUNT_003,CONTENT_011,こっちも見てね♡,https://b-short.link/ZzDGuk,
AFF_012,ACCOUNT_003,CONTENT_012,私違う意味で声大きいかも(*ﾉωﾉ),https://b-short.link/ZzDGuk,
AFF_013,ACCOUNT_003,CONTENT_013,一緒にオンラインしたい人はこっちに来てね♡,https://b-short.link/ZzDGuk,
AFF_014,ACCOUNT_003,CONTENT_014,こっちも見てね♡,https://b-short.link/ZzDGuk,
AFF_015,ACCOUNT_003,CONTENT_015,"運転上手い人が私は好き♡
ドライブ連れて行ってくれる人はここに♥",https://b-short.link/ZzDGuk,
AFF_016,ACCOUNT_003,CONTENT_016,答えこっちに載せてるよ♡,https://b-short.link/ZzDGuk,
AFF_017,ACCOUNT_003,CONTENT_017,答えこっちに載せてるよ♡,https://b-short.link/ZzDGuk,
AFF_018,ACCOUNT_003,CONTENT_018,"このお金で誰か買い物いこ！
ここから連絡してね♡",https://b-short.link/ZzDGuk,
AFF_019,ACCOUNT_003,CONTENT_019,次は一緒に買い物いきたいな♥,https://b-short.link/ZzDGuk,
AFF_020,ACCOUNT_003,CONTENT_020,誰か一緒にご飯作ろう？♡,https://b-short.link/ZzDGuk,
AFF_021,ACCOUNT_003,CONTENT_021,こっちも見てね♡,https://b-short.link/ZzDGuk,
AFF_022,ACCOUNT_003,CONTENT_022,セ●●スはやっぱりすれてないよね♡,https://b-short.link/ZzDGuk,
AFF_023,ACCOUNT_003,CONTENT_023,"AFしたい人はこっち来てね(*ﾉωﾉ)
最近してないからきつきつかも...",https://b-short.link/ZzDGuk,
AFF_024,ACCOUNT_003,CONTENT_024,こっちも見てね♡,https://b-short.link/ZzDGuk,
AFF_025,ACCOUNT_003,CONTENT_025,こっちも見てね♡,https://b-short.link/ZzDGuk,
AFF_001,ACCOUNT_004,CONTENT_001,ここに載せてるから好きに見ていいよ❤,https://b-short.link/ZzDGuk,
AFF_002,ACCOUNT_004,CONTENT_002,こっちにもおいで❤,https://b-short.link/ZzDGuk,
AFF_003,ACCOUNT_004,CONTENT_003,ここに載せれないエ●すぎる動画は❤,https://b-short.link/ZzDGuk,
AFF_004,ACCOUNT_004,CONTENT_004,ここで見せれないのはこっちに❤,https://b-short.link/ZzDGuk,
AFF_005,ACCOUNT_004,CONTENT_005,過激すぎて...,https://b-short.link/ZzDGuk,
AFF_006,ACCOUNT_004,CONTENT_006,過激すぎるかも...,https://b-short.link/ZzDGuk,
AFF_007,ACCOUNT_004,CONTENT_007,こんな私でもいい人は...,https://b-short.link/ZzDGuk,
AFF_008,ACCOUNT_004,CONTENT_008,こっちも見てね♡,https://b-short.link/ZzDGuk,
AFF_009,ACCOUNT_004,CONTENT_009,こっちも見てね♡,https://b-short.link/ZzDGuk,
AFF_010,ACCOUNT_004,CONTENT_010,私も子供ほしいなー♡,https://b-short.link/ZzDGuk,
AFF_011,ACCOUNT_004,CONTENT_011,こっちも見てね♡,https://b-short.link/ZzDGuk,
AFF_012,ACCOUNT_004,CONTENT_012,私違う意味で声大きいかも(*ﾉωﾉ),https://b-short.link/ZzDGuk,
AFF_013,ACCOUNT_004,CONTENT_013,一緒にオンラインしたい人はこっちに来てね♡,https://b-short.link/ZzDGuk,
AFF_014,ACCOUNT_004,CONTENT_014,こっちも見てね♡,https://b-short.link/ZzDGuk,
AFF_015,ACCOUNT_004,CONTENT_015,"運転上手い人が私は好き♡
ドライブ連れて行ってくれる人はここに♥",https://b-short.link/ZzDGuk,
AFF_016,ACCOUNT_004,CONTENT_016,答えこっちに載せてるよ♡,https://b-short.link/ZzDGuk,
AFF_017,ACCOUNT_004,CONTENT_017,答えこっちに載せてるよ♡,https://b-short.link/ZzDGuk,
AFF_018,ACCOUNT_004,CONTENT_018,"このお金で誰か買い物いこ！
ここから連絡してね♡",https://b-short.link/ZzDGuk,
AFF_019,ACCOUNT_004,CONTENT_019,次は一緒に買い物いきたいな♥,https://b-short.link/ZzDGuk,
AFF_020,ACCOUNT_004,CONTENT_020,誰か一緒にご飯作ろう？♡,https://b-short.link/ZzDGuk,
AFF_021,ACCOUNT_004,CONTENT_021,こっちも見てね♡,https://b-short.link/ZzDGuk,
AFF_022,ACCOUNT_004,CONTENT_022,セ●●スはやっぱりすれてないよね♡,https://b-short.link/ZzDGuk,
AFF_023,ACCOUNT_004,CONTENT_023,"AFしたい人はこっち来てね(*ﾉωﾉ)
最近してないからきつきつかも...",https://b-short.link/ZzDGuk,
AFF_024,ACCOUNT_004,CONTENT_024,こっちも見てね♡,https://b-short.link/ZzDGuk,
AFF_025,ACCOUNT_004,CONTENT_025,こっちも見てね♡,https://b-short.link/ZzDGuk,
AFF_001,ACCOUNT_005,CONTENT_001,ここに載せてるから好きに見ていいよ❤,https://b-short.link/ZzDGuk,
AFF_002,ACCOUNT_005,CONTENT_002,こっちにもおいで❤,https://b-short.link/ZzDGuk,
AFF_003,ACCOUNT_005,CONTENT_003,ここに載せれないエ●すぎる動画は❤,https://b-short.link/ZzDGuk,
AFF_004,ACCOUNT_005,CONTENT_004,ここで見せれないのはこっちに❤,https://b-short.link/ZzDGuk,
AFF_005,ACCOUNT_005,CONTENT_005,過激すぎて...,https://b-short.link/ZzDGuk,
AFF_006,ACCOUNT_005,CONTENT_006,過激すぎるかも...,https://b-short.link/ZzDGuk,
AFF_007,ACCOUNT_005,CONTENT_007,こんな私でもいい人は...,https://b-short.link/ZzDGuk,
AFF_008,ACCOUNT_005,CONTENT_008,こっちも見てね♡,https://b-short.link/ZzDGuk,
AFF_009,ACCOUNT_005,CONTENT_009,こっちも見てね♡,https://b-short.link/ZzDGuk,
AFF_010,ACCOUNT_005,CONTENT_010,私も子供ほしいなー♡,https://b-short.link/ZzDGuk,
AFF_011,ACCOUNT_005,CONTENT_011,こっちも見てね♡,https://b-short.link/ZzDGuk,
AFF_012,ACCOUNT_005,CONTENT_012,私違う意味で声大きいかも(*ﾉωﾉ),https://b-short.link/ZzDGuk,
AFF_013,ACCOUNT_005,CONTENT_013,一緒にオンラインしたい人はこっちに来てね♡,https://b-short.link/ZzDGuk,
AFF_014,ACCOUNT_005,CONTENT_014,こっちも見てね♡,https://b-short.link/ZzDGuk,
AFF_015,ACCOUNT_005,CONTENT_015,"運転上手い人が私は好き♡
ドライブ連れて行ってくれる人はここに♥",https://b-short.link/ZzDGuk,
AFF_016,ACCOUNT_005,CONTENT_016,答えこっちに載せてるよ♡,https://b-short.link/ZzDGuk,
AFF_017,ACCOUNT_005,CONTENT_017,答えこっちに載せてるよ♡,https://b-short.link/ZzDGuk,
AFF_018,ACCOUNT_005,CONTENT_018,"このお金で誰か買い物いこ！
ここから連絡してね♡",https://b-short.link/ZzDGuk,
AFF_019,ACCOUNT_005,CONTENT_019,次は一緒に買い物いきたいな♥,https://b-short.link/ZzDGuk,
AFF_020,ACCOUNT_005,CONTENT_020,誰か一緒にご飯作ろう？♡,https://b-short.link/ZzDGuk,
AFF_021,ACCOUNT_005,CONTENT_021,こっちも見てね♡,https://b-short.link/ZzDGuk,
AFF_022,ACCOUNT_005,CONTENT_022,セ●●スはやっぱりすれてないよね♡,https://b-short.link/ZzDGuk,
AFF_023,ACCOUNT_005,CONTENT_023,"AFしたい人はこっち来てね(*ﾉωﾉ)
最近してないからきつきつかも...",https://b-short.link/ZzDGuk,
AFF_024,ACCOUNT_005,CONTENT_024,こっちも見てね♡,https://b-short.link/ZzDGuk,
AFF_025,ACCOUNT_005,CONTENT_025,こっちも見てね♡,https://b-short.link/ZzDGuk,
AFF_001,ACCOUNT_006,CONTENT_001,ここに載せてるから好きに見ていいよ❤,https://b-short.link/ZzDGuk,
AFF_002,ACCOUNT_006,CONTENT_002,こっちにもおいで❤,https://b-short.link/ZzDGuk,
AFF_003,ACCOUNT_006,CONTENT_003,ここに載せれないエ●すぎる動画は❤,https://b-short.link/ZzDGuk,
AFF_004,ACCOUNT_006,CONTENT_004,ここで見せれないのはこっちに❤,https://b-short.link/ZzDGuk,
AFF_005,ACCOUNT_006,CONTENT_005,過激すぎて...,https://b-short.link/ZzDGuk,
AFF_006,ACCOUNT_006,CONTENT_006,過激すぎるかも...,https://b-short.link/ZzDGuk,
AFF_007,ACCOUNT_006,CONTENT_007,こんな私でもいい人は...,https://b-short.link/ZzDGuk,
AFF_008,ACCOUNT_006,CONTENT_008,こっちも見てね♡,https://b-short.link/ZzDGuk,
AFF_009,ACCOUNT_006,CONTENT_009,こっちも見てね♡,https://b-short.link/ZzDGuk,
AFF_010,ACCOUNT_006,CONTENT_010,私も子供ほしいなー♡,https://b-short.link/ZzDGuk,
AFF_011,ACCOUNT_006,CONTENT_011,こっちも見てね♡,https://b-short.link/ZzDGuk,
AFF_012,ACCOUNT_006,CONTENT_012,私違う意味で声大きいかも(*ﾉωﾉ),https://b-short.link/ZzDGuk,
AFF_013,ACCOUNT_006,CONTENT_013,一緒にオンラインしたい人はこっちに来てね♡,https://b-short.link/ZzDGuk,
AFF_014,ACCOUNT_006,CONTENT_014,こっちも見てね♡,https://b-short.link/ZzDGuk,
AFF_015,ACCOUNT_006,CONTENT_015,"運転上手い人が私は好き♡
ドライブ連れて行ってくれる人はここに♥",https://b-short.link/ZzDGuk,
AFF_016,ACCOUNT_006,CONTENT_016,答えこっちに載せてるよ♡,https://b-short.link/ZzDGuk,
AFF_017,ACCOUNT_006,CONTENT_017,答えこっちに載せてるよ♡,https://b-short.link/ZzDGuk,
AFF_018,ACCOUNT_006,CONTENT_018,"このお金で誰か買い物いこ！
ここから連絡してね♡",https://b-short.link/ZzDGuk,
AFF_019,ACCOUNT_006,CONTENT_019,次は一緒に買い物いきたいな♥,https://b-short.link/ZzDGuk,
AFF_020,ACCOUNT_006,CONTENT_020,誰か一緒にご飯作ろう？♡,https://b-short.link/ZzDGuk,
AFF_021,ACCOUNT_006,CONTENT_021,こっちも見てね♡,https://b-short.link/ZzDGuk,
AFF_022,ACCOUNT_006,CONTENT_022,セ●●スはやっぱりすれてないよね♡,https://b-short.link/ZzDGuk,
AFF_023,ACCOUNT_006,CONTENT_023,"AFしたい人はこっち来てね(*ﾉωﾉ)
最近してないからきつきつかも...",https://b-short.link/ZzDGuk,
AFF_024,ACCOUNT_006,CONTENT_024,こっちも見てね♡,https://b-short.link/ZzDGuk,
AFF_025,ACCOUNT_006,CONTENT_025,こっちも見てね♡,https://b-short.link/ZzDGuk,
AFF_001,ACCOUNT_007,CONTENT_001,ここに載せてるから好きに見ていいよ❤,https://b-short.link/ZzDGuk,
AFF_002,ACCOUNT_007,CONTENT_002,こっちにもおいで❤,https://b-short.link/ZzDGuk,
AFF_003,ACCOUNT_007,CONTENT_003,ここに載せれないエ●すぎる動画は❤,https://b-short.link/ZzDGuk,
AFF_004,ACCOUNT_007,CONTENT_004,ここで見せれないのはこっちに❤,https://b-short.link/ZzDGuk,
AFF_005,ACCOUNT_007,CONTENT_005,過激すぎて...,https://b-short.link/ZzDGuk,
AFF_006,ACCOUNT_007,CONTENT_006,過激すぎるかも...,https://b-short.link/ZzDGuk,
AFF_007,ACCOUNT_007,CONTENT_007,こんな私でもいい人は...,https://b-short.link/ZzDGuk,
AFF_008,ACCOUNT_007,CONTENT_008,こっちも見てね♡,https://b-short.link/ZzDGuk,
AFF_009,ACCOUNT_007,CONTENT_009,こっちも見てね♡,https://b-short.link/ZzDGuk,
AFF_010,ACCOUNT_007,CONTENT_010,私も子供ほしいなー♡,https://b-short.link/ZzDGuk,
AFF_011,ACCOUNT_007,CONTENT_011,こっちも見てね♡,https://b-short.link/ZzDGuk,
AFF_012,ACCOUNT_007,CONTENT_012,私違う意味で声大きいかも(*ﾉωﾉ),https://b-short.link/ZzDGuk,
AFF_013,ACCOUNT_007,CONTENT_013,一緒にオンラインしたい人はこっちに来てね♡,https://b-short.link/ZzDGuk,
AFF_014,ACCOUNT_007,CONTENT_014,こっちも見てね♡,https://b-short.link/ZzDGuk,
AFF_015,ACCOUNT_007,CONTENT_015,"運転上手い人が私は好き♡
ドライブ連れて行ってくれる人はここに♥",https://b-short.link/ZzDGuk,
AFF_016,ACCOUNT_007,CONTENT_016,答えこっちに載せてるよ♡,https://b-short.link/ZzDGuk,
AFF_017,ACCOUNT_007,CONTENT_017,答えこっちに載せてるよ♡,https://b-short.link/ZzDGuk,
AFF_018,ACCOUNT_007,CONTENT_018,"このお金で誰か買い物いこ！
ここから連絡してね♡",https://b-short.link/ZzDGuk,
AFF_019,ACCOUNT_007,CONTENT_019,次は一緒に買い物いきたいな♥,https://b-short.link/ZzDGuk,
AFF_020,ACCOUNT_007,CONTENT_020,誰か一緒にご飯作ろう？♡,https://b-short.link/ZzDGuk,
AFF_021,ACCOUNT_007,CONTENT_021,こっちも見てね♡,https://b-short.link/ZzDGuk,
AFF_022,ACCOUNT_007,CONTENT_022,セ●●スはやっぱりすれてないよね♡,https://b-short.link/ZzDGuk,
AFF_023,ACCOUNT_007,CONTENT_023,"AFしたい人はこっち来てね(*ﾉωﾉ)
最近してないからきつきつかも...",https://b-short.link/ZzDGuk,
AFF_024,ACCOUNT_007,CONTENT_024,こっちも見てね♡,https://b-short.link/ZzDGuk,
AFF_025,ACCOUNT_007,CONTENT_025,こっちも見てね♡,https://b-short.link/ZzDGuk,
AFF_001,ACCOUNT_008,CONTENT_001,ここに載せてるから好きに見ていいよ❤,https://b-short.link/ZzDGuk,
AFF_002,ACCOUNT_008,CONTENT_002,こっちにもおいで❤,https://b-short.link/ZzDGuk,
AFF_003,ACCOUNT_008,CONTENT_003,ここに載せれないエ●すぎる動画は❤,https://b-short.link/ZzDGuk,
AFF_004,ACCOUNT_008,CONTENT_004,ここで見せれないのはこっちに❤,https://b-short.link/ZzDGuk,
AFF_005,ACCOUNT_008,CONTENT_005,過激すぎて...,https://b-short.link/ZzDGuk,
AFF_006,ACCOUNT_008,CONTENT_006,過激すぎるかも...,https://b-short.link/ZzDGuk,
AFF_007,ACCOUNT_008,CONTENT_007,こんな私でもいい人は...,https://b-short.link/ZzDGuk,
AFF_008,ACCOUNT_008,CONTENT_008,こっちも見てね♡,https://b-short.link/ZzDGuk,
AFF_009,ACCOUNT_008,CONTENT_009,こっちも見てね♡,https://b-short.link/ZzDGuk,
AFF_010,ACCOUNT_008,CONTENT_010,私も子供ほしいなー♡,https://b-short.link/ZzDGuk,
AFF_011,ACCOUNT_008,CONTENT_011,こっちも見てね♡,https://b-short.link/ZzDGuk,
AFF_012,ACCOUNT_008,CONTENT_012,私違う意味で声大きいかも(*ﾉωﾉ),https://b-short.link/ZzDGuk,
AFF_013,ACCOUNT_008,CONTENT_013,一緒にオンラインしたい人はこっちに来てね♡,https://b-short.link/ZzDGuk,
AFF_014,ACCOUNT_008,CONTENT_014,こっちも見てね♡,https://b-short.link/ZzDGuk,
AFF_015,ACCOUNT_008,CONTENT_015,"運転上手い人が私は好き♡
ドライブ連れて行ってくれる人はここに♥",https://b-short.link/ZzDGuk,
AFF_016,ACCOUNT_008,CONTENT_016,答えこっちに載せてるよ♡,https://b-short.link/ZzDGuk,
AFF_017,ACCOUNT_008,CONTENT_017,答えこっちに載せてるよ♡,https://b-short.link/ZzDGuk,
AFF_018,ACCOUNT_008,CONTENT_018,"このお金で誰か買い物いこ！
ここから連絡してね♡",https://b-short.link/ZzDGuk,
AFF_019,ACCOUNT_008,CONTENT_019,次は一緒に買い物いきたいな♥,https://b-short.link/ZzDGuk,
AFF_020,ACCOUNT_008,CONTENT_020,誰か一緒にご飯作ろう？♡,https://b-short.link/ZzDGuk,
AFF_021,ACCOUNT_008,CONTENT_021,こっちも見てね♡,https://b-short.link/ZzDGuk,
AFF_022,ACCOUNT_008,CONTENT_022,セ●●スはやっぱりすれてないよね♡,https://b-short.link/ZzDGuk,
AFF_023,ACCOUNT_008,CONTENT_023,"AFしたい人はこっち来てね(*ﾉωﾉ)
最近してないからきつきつかも...",https://b-short.link/ZzDGuk,
AFF_024,ACCOUNT_008,CONTENT_024,こっちも見てね♡,https://b-short.link/ZzDGuk,
AFF_025,ACCOUNT_008,CONTENT_025,こっちも見てね♡,https://b-short.link/ZzDGuk,
AFF_001,ACCOUNT_009,CONTENT_001,ここに載せてるから好きに見ていいよ❤,https://b-short.link/ZzDGuk,
AFF_002,ACCOUNT_009,CONTENT_002,こっちにもおいで❤,https://b-short.link/ZzDGuk,
AFF_003,ACCOUNT_009,CONTENT_003,ここに載せれないエ●すぎる動画は❤,https://b-short.link/ZzDGuk,
AFF_004,ACCOUNT_009,CONTENT_004,ここで見せれないのはこっちに❤,https://b-short.link/ZzDGuk,
AFF_005,ACCOUNT_009,CONTENT_005,過激すぎて...,https://b-short.link/ZzDGuk,
AFF_006,ACCOUNT_009,CONTENT_006,過激すぎるかも...,https://b-short.link/ZzDGuk,
AFF_007,ACCOUNT_009,CONTENT_007,こんな私でもいい人は...,https://b-short.link/ZzDGuk,
AFF_008,ACCOUNT_009,CONTENT_008,こっちも見てね♡,https://b-short.link/ZzDGuk,
AFF_009,ACCOUNT_009,CONTENT_009,こっちも見てね♡,https://b-short.link/ZzDGuk,
AFF_010,ACCOUNT_009,CONTENT_010,私も子供ほしいなー♡,https://b-short.link/ZzDGuk,
AFF_011,ACCOUNT_009,CONTENT_011,こっちも見てね♡,https://b-short.link/ZzDGuk,
AFF_012,ACCOUNT_009,CONTENT_012,私違う意味で声大きいかも(*ﾉωﾉ),https://b-short.link/ZzDGuk,
AFF_013,ACCOUNT_009,CONTENT_013,一緒にオンラインしたい人はこっちに来てね♡,https://b-short.link/ZzDGuk,
AFF_014,ACCOUNT_009,CONTENT_014,こっちも見てね♡,https://b-short.link/ZzDGuk,
AFF_015,ACCOUNT_009,CONTENT_015,"運転上手い人が私は好き♡
ドライブ連れて行ってくれる人はここに♥",https://b-short.link/ZzDGuk,
AFF_016,ACCOUNT_009,CONTENT_016,答えこっちに載せてるよ♡,https://b-short.link/ZzDGuk,
AFF_017,ACCOUNT_009,CONTENT_017,答えこっちに載せてるよ♡,https://b-short.link/ZzDGuk,
AFF_018,ACCOUNT_009,CONTENT_018,"このお金で誰か買い物いこ！
ここから連絡してね♡",https://b-short.link/ZzDGuk,
AFF_019,ACCOUNT_009,CONTENT_019,次は一緒に買い物いきたいな♥,https://b-short.link/ZzDGuk,
AFF_020,ACCOUNT_009,CONTENT_020,誰か一緒にご飯作ろう？♡,https://b-short.link/ZzDGuk,
AFF_021,ACCOUNT_009,CONTENT_021,こっちも見てね♡,https://b-short.link/ZzDGuk,
AFF_022,ACCOUNT_009,CONTENT_022,セ●●スはやっぱりすれてないよね♡,https://b-short.link/ZzDGuk,
AFF_023,ACCOUNT_009,CONTENT_023,"AFしたい人はこっち来てね(*ﾉωﾉ)
最近してないからきつきつかも...",https://b-short.link/ZzDGuk,
AFF_024,ACCOUNT_009,CONTENT_024,こっちも見てね♡,https://b-short.link/ZzDGuk,
AFF_025,ACCOUNT_009,CONTENT_025,こっちも見てね♡,https://b-short.link/ZzDGuk,
AFF_001,ACCOUNT_010,CONTENT_001,ここに載せてるから好きに見ていいよ❤,https://b-short.link/ZzDGuk,
AFF_002,ACCOUNT_010,CONTENT_002,こっちにもおいで❤,https://b-short.link/ZzDGuk,
AFF_003,ACCOUNT_010,CONTENT_003,ここに載せれないエ●すぎる動画は❤,https://b-short.link/ZzDGuk,
AFF_004,ACCOUNT_010,CONTENT_004,ここで見せれないのはこっちに❤,https://b-short.link/ZzDGuk,
AFF_005,ACCOUNT_010,CONTENT_005,過激すぎて...,https://b-short.link/ZzDGuk,
AFF_006,ACCOUNT_010,CONTENT_006,過激すぎるかも...,https://b-short.link/ZzDGuk,
AFF_007,ACCOUNT_010,CONTENT_007,こんな私でもいい人は...,https://b-short.link/ZzDGuk,
AFF_008,ACCOUNT_010,CONTENT_008,こっちも見てね♡,https://b-short.link/ZzDGuk,
AFF_009,ACCOUNT_010,CONTENT_009,こっちも見てね♡,https://b-short.link/ZzDGuk,
AFF_010,ACCOUNT_010,CONTENT_010,私も子供ほしいなー♡,https://b-short.link/ZzDGuk,
AFF_011,ACCOUNT_010,CONTENT_011,こっちも見てね♡,https://b-short.link/ZzDGuk,
AFF_012,ACCOUNT_010,CONTENT_012,私違う意味で声大きいかも(*ﾉωﾉ),https://b-short.link/ZzDGuk,
AFF_013,ACCOUNT_010,CONTENT_013,一緒にオンラインしたい人はこっちに来てね♡,https://b-short.link/ZzDGuk,
AFF_014,ACCOUNT_010,CONTENT_014,こっちも見てね♡,https://b-short.link/ZzDGuk,
AFF_015,ACCOUNT_010,CONTENT_015,"運転上手い人が私は好き♡
ドライブ連れて行ってくれる人はここに♥",https://b-short.link/ZzDGuk,
AFF_016,ACCOUNT_010,CONTENT_016,答えこっちに載せてるよ♡,https://b-short.link/ZzDGuk,
AFF_017,ACCOUNT_010,CONTENT_017,答えこっちに載せてるよ♡,https://b-short.link/ZzDGuk,
AFF_018,ACCOUNT_010,CONTENT_018,"このお金で誰か買い物いこ！
ここから連絡してね♡",https://b-short.link/ZzDGuk,
AFF_019,ACCOUNT_010,CONTENT_019,次は一緒に買い物いきたいな♥,https://b-short.link/ZzDGuk,
AFF_020,ACCOUNT_010,CONTENT_020,誰か一緒にご飯作ろう？♡,https://b-short.link/ZzDGuk,
AFF_021,ACCOUNT_010,CONTENT_021,こっちも見てね♡,https://b-short.link/ZzDGuk,
AFF_022,ACCOUNT_010,CONTENT_022,セ●●スはやっぱりすれてないよね♡,https://b-short.link/ZzDGuk,
AFF_023,ACCOUNT_010,CONTENT_023,"AFしたい人はこっち来てね(*ﾉωﾉ)
最近してないからきつきつかも...",https://b-short.link/ZzDGuk,
AFF_024,ACCOUNT_010,CONTENT_024,こっちも見てね♡,https://b-short.link/ZzDGuk,
AFF_025,ACCOUNT_010,CONTENT_025,こっちも見てね♡,https://b-short.link/ZzDGuk,
AFF_001,ACCOUNT_011,CONTENT_001,ここに載せてるから好きに見ていいよ❤,https://b-short.link/ZzDGuk,
AFF_002,ACCOUNT_011,CONTENT_002,こっちにもおいで❤,https://b-short.link/ZzDGuk,
AFF_003,ACCOUNT_011,CONTENT_003,ここに載せれないエ●すぎる動画は❤,https://b-short.link/ZzDGuk,
AFF_004,ACCOUNT_011,CONTENT_004,ここで見せれないのはこっちに❤,https://b-short.link/ZzDGuk,
AFF_005,ACCOUNT_011,CONTENT_005,過激すぎて...,https://b-short.link/ZzDGuk,
AFF_006,ACCOUNT_011,CONTENT_006,過激すぎるかも...,https://b-short.link/ZzDGuk,
AFF_007,ACCOUNT_011,CONTENT_007,こんな私でもいい人は...,https://b-short.link/ZzDGuk,
AFF_008,ACCOUNT_011,CONTENT_008,こっちも見てね♡,https://b-short.link/ZzDGuk,
AFF_009,ACCOUNT_011,CONTENT_009,こっちも見てね♡,https://b-short.link/ZzDGuk,
AFF_010,ACCOUNT_011,CONTENT_010,私も子供ほしいなー♡,https://b-short.link/ZzDGuk,
AFF_011,ACCOUNT_011,CONTENT_011,こっちも見てね♡,https://b-short.link/ZzDGuk,
AFF_012,ACCOUNT_011,CONTENT_012,私違う意味で声大きいかも(*ﾉωﾉ),https://b-short.link/ZzDGuk,
AFF_013,ACCOUNT_011,CONTENT_013,一緒にオンラインしたい人はこっちに来てね♡,https://b-short.link/ZzDGuk,
AFF_014,ACCOUNT_011,CONTENT_014,こっちも見てね♡,https://b-short.link/ZzDGuk,
AFF_015,ACCOUNT_011,CONTENT_015,"運転上手い人が私は好き♡
ドライブ連れて行ってくれる人はここに♥",https://b-short.link/ZzDGuk,
AFF_016,ACCOUNT_011,CONTENT_016,答えこっちに載せてるよ♡,https://b-short.link/ZzDGuk,
AFF_017,ACCOUNT_011,CONTENT_017,答えこっちに載せてるよ♡,https://b-short.link/ZzDGuk,
AFF_018,ACCOUNT_011,CONTENT_018,"このお金で誰か買い物いこ！
ここから連絡してね♡",https://b-short.link/ZzDGuk,
AFF_019,ACCOUNT_011,CONTENT_019,次は一緒に買い物いきたいな♥,https://b-short.link/ZzDGuk,
AFF_020,ACCOUNT_011,CONTENT_020,誰か一緒にご飯作ろう？♡,https://b-short.link/ZzDGuk,
AFF_021,ACCOUNT_011,CONTENT_021,こっちも見てね♡,https://b-short.link/ZzDGuk,
AFF_022,ACCOUNT_011,CONTENT_022,セ●●スはやっぱりすれてないよね♡,https://b-short.link/ZzDGuk,
AFF_023,ACCOUNT_011,CONTENT_023,"AFしたい人はこっち来てね(*ﾉωﾉ)
最近してないからきつきつかも...",https://b-short.link/ZzDGuk,
AFF_024,ACCOUNT_011,CONTENT_024,こっちも見てね♡,https://b-short.link/ZzDGuk,
AFF_025,ACCOUNT_011,CONTENT_025,こっちも見てね♡,https://b-short.link/ZzDGuk,